key,year,day_key,storm_ratio,valid_ratio,accuracy,precision,recall,f1,iou,tp,fp,fn,tn,subset
MY28::P09_day31,MY28,P09_day31,0.08332051127059314,0.8420229502128447,0.8123485622804206,0.27233672443205675,0.7489354218191646,0.39942853301328923,0.24955370387326986,340672,910250,114203,4094215,bestcase_test
MY31::D04_day24,MY31,D04_day24,0.09292488429975045,0.9249432414090937,0.863877409928559,0.39552961691302413,0.8800036607227616,0.5457599800517625,0.3752887958313886,490397,749452,66870,4690243,bestcase_test
MY32::F04_day17,MY32,F04_day17,0.08595368793988666,0.8522162070454685,0.853130137044561,0.28630961450555786,0.47477633593089363,0.35720808629496564,0.21743964590334455,225486,562074,249445,4488424,bestcase_test
